{"cameraMode":{"drawMode":1,"name":"Wireframe","section":"Shading Mode"},"sceneLighting":false,"audioPlay":false,"sceneViewState":{"m_AlwaysRefresh":false,"showFog":false,"showSkybox":false,"showFlares":false,"showImageEffects":false,"showParticleSystems":false,"showVisualEffectGraphs":true,"m_FxEnabled":false},"in2DMode":false,"pivot":{"x":0.0026891231536865236,"y":0.8174606561660767,"z":0.002138853073120117},"rotation":{"x":0.0456637442111969,"y":0.21878403425216676,"z":-0.010219404473900795,"w":0.9746630787849426},"size":1.3381092548370362,"orthographic":false}