{"cameraMode":{"drawMode":0,"name":"Shaded","section":"Shading Mode"},"sceneLighting":false,"audioPlay":false,"sceneViewState":{"m_AlwaysRefresh":false,"showFog":true,"showSkybox":false,"showFlares":true,"showImageEffects":true,"showParticleSystems":true,"showVisualEffectGraphs":true,"m_FxEnabled":true},"in2DMode":false,"pivot":{"x":0.1041443943977356,"y":0.24053627252578736,"z":-0.3991768956184387},"rotation":{"x":-0.017886731773614885,"y":-0.8065069913864136,"z":0.02446637861430645,"w":-0.5906186103820801},"size":0.7075485587120056,"orthographic":false}